, Pais,deaths month,deaths cumulative month,Cases month,cases cumulative month,month,year,year-month,Inflation Rate
0,Austria,0,0,0,0,1,2020,2020-1,"0,5"
1,Belgium,0,0,0,0,1,2020,2020-1,"-0,6"
2,Bulgaria,0,0,0,0,1,2020,2020-1,"-2,4"
3,Croatia,0,0,0,0,1,2020,2020-1,"-0,6"
4,Cyprus,0,0,0,0,1,2020,2020-1,"-0,7"
5,Czechia,0,0,0,0,1,2020,2020-1,"-0,1"
6,Denmark,0,0,35,45,1,2020,2020-1,"-0,3"
7,Estonia,0,0,0,0,1,2020,2020-1,"-0,5"
8,Finland,0,0,0,0,1,2020,2020-1,"-0,1"
9,France,0,0,3,3,1,2020,2020-1,"-0,4"
10,Germany,0,0,1,2,1,2020,2020-1,"-0,5"
11,Greece,0,0,0,0,1,2020,2020-1,"-2,8"
12,Hungary,0,0,0,0,1,2020,2020-1,"-1,4"
13,Iceland,0,0,0,0,1,2020,2020-1,"-0,1"
14,Ireland,0,0,0,0,1,2020,2020-1,"-0,4"
15,Italy,0,0,0,0,1,2020,2020-1,"-0,5"
16,Latvia,0,0,0,0,1,2020,2020-1,"-0,3"
17,Lithuania,0,0,0,0,1,2020,2020-1,"-1,4"
18,Luxembourg,0,0,0,0,1,2020,2020-1,"-1,2"
19,Malta,0,0,0,0,1,2020,2020-1,"0,8"
20,Netherlands,0,0,0,0,1,2020,2020-1,"-0,7"
21,North Macedonia,0,0,0,0,1,2020,2020-1,"-0,7"
22,Norway,0,0,0,0,1,2020,2020-1,"1,9"
23,Poland,0,0,0,0,1,2020,2020-1,"-1,1"
24,Portugal,0,0,0,0,1,2020,2020-1,"-0,4"
25,Romania,0,0,0,0,1,2020,2020-1,"0,5"
26,Slovakia,0,0,0,0,1,2020,2020-1,"-0,5"
27,Slovenia,0,0,0,0,1,2020,2020-1,"-0,7"
28,Spain,0,0,3,3,1,2020,2020-1,"-1,5"
29,Sweden,0,0,0,0,1,2020,2020-1,"0,4"
30,Switzerland,0,0,0,0,1,2020,2020-1,"-0,1"
31,United Kingdom,0,0,1,1,1,2020,2020-1,"0,3"
32,Austria,0,0,0,0,2,2020,2020-2,"2,2"
33,Belgium,0,0,3,3,2,2020,2020-2,1
34,Bulgaria,0,0,0,0,2,2020,2020-2,"3,1"
35,Croatia,0,0,0,0,2,2020,2020-2,"1,2"
36,Cyprus,0,0,0,0,2,2020,2020-2,1
37,Czechia,0,0,0,0,2,2020,2020-2,"3,7"
38,Denmark,0,0,50,95,2,2020,2020-2,"0,7"
39,Estonia,0,0,0,0,2,2020,2020-2,2
40,Finland,0,0,1,1,2,2020,2020-2,"1,1"
41,France,1,1,13,16,2,2020,2020-2,"1,6"
42,Germany,0,0,29,31,2,2020,2020-2,"1,7"
43,Greece,0,0,0,0,2,2020,2020-2,"0,4"
44,Hungary,0,0,0,0,2,2020,2020-2,"4,4"
45,Iceland,0,0,15,15,2,2020,2020-2,"2,7"
46,Ireland,0,0,0,0,2,2020,2020-2,"0,9"
47,Italy,3,3,178,178,2,2020,2020-2,"0,2"
48,Latvia,0,0,0,0,2,2020,2020-2,"2,3"
49,Lithuania,0,0,0,0,2,2020,2020-2,"2,8"
50,Luxembourg,0,0,0,0,2,2020,2020-2,"1,8"
51,Malta,0,0,0,0,2,2020,2020-2,"1,1"
52,Netherlands,0,0,0,0,2,2020,2020-2,"1,3"
53,North Macedonia,0,0,0,0,2,2020,2020-2,0
54,Norway,0,0,1,1,2,2020,2020-2,"0,7"
55,Poland,0,0,0,0,2,2020,2020-2,"4,1"
56,Portugal,0,0,1,1,2,2020,2020-2,"0,5"
57,Romania,0,0,0,0,2,2020,2020-2,"2,9"
58,Slovakia,0,0,0,0,2,2020,2020-2,"3,1"
59,Slovenia,0,0,0,0,2,2020,2020-2,2
60,Spain,1,1,16,19,2,2020,2020-2,"0,9"
61,Sweden,0,0,0,0,2,2020,2020-2,"1,3"
62,Switzerland,0,0,0,0,2,2020,2020-2,"-0,2"
63,United Kingdom,0,0,14,15,2,2020,2020-2,"1,7"
64,Austria,134,134,9196,9196,3,2020,2020-3,"1,6"
65,Belgium,978,978,15481,15484,3,2020,2020-3,"0,4"
66,Bulgaria,8,8,346,346,3,2020,2020-3,"2,4"
67,Croatia,5,5,650,650,3,2020,2020-3,"0,5"
68,Cyprus,9,9,289,289,3,2020,2020-3,"0,1"
69,Czechia,23,23,2826,2826,3,2020,2020-3,"3,6"
70,Denmark,84,84,2686,2781,3,2020,2020-3,"0,3"
71,Estonia,73,73,5955,5955,3,2020,2020-3,1
72,Finland,13,13,1455,1456,3,2020,2020-3,"0,9"
73,France,2715,2716,40162,40178,3,2020,2020-3,"0,8"
74,Germany,712,712,63864,63895,3,2020,2020-3,"1,3"
75,Greece,42,42,1324,1324,3,2020,2020-3,"0,2"
76,Hungary,15,15,444,444,3,2020,2020-3,"3,9"
77,Iceland,2,2,1147,1162,3,2020,2020-3,1
78,Ireland,77,77,2640,2640,3,2020,2020-3,"0,5"
79,Italy,13627,13630,104807,104985,3,2020,2020-3,"0,1"
80,Latvia,0,0,347,347,3,2020,2020-3,"1,4"
81,Lithuania,18,18,0,0,3,2020,2020-3,"1,7"
82,Luxembourg,17,17,1839,1839,3,2020,2020-3,"0,3"
83,Malta,0,0,148,148,3,2020,2020-3,"1,2"
84,Netherlands,1077,1077,10742,10742,3,2020,2020-3,"1,1"
85,North Macedonia,6,6,259,259,3,2020,2020-3,"-0,3"
86,Norway,20,20,4633,4634,3,2020,2020-3,"0,5"
87,Poland,22,22,1862,1862,3,2020,2020-3,"3,9"
88,Portugal,150,150,5446,5447,3,2020,2020-3,"0,1"
89,Romania,83,83,2010,2010,3,2020,2020-3,"2,7"
90,Serbia,13,13,686,741,3,2020,2020-3,"1,7"
91,Slovakia,1,1,348,348,3,2020,2020-3,"2,4"
92,Slovenia,13,13,757,757,3,2020,2020-3,"0,7"
93,Spain,8576,8577,108919,108938,3,2020,2020-3,"0,1"
94,Sweden,239,239,3943,3943,3,2020,2020-3,"0,8"
95,Switzerland,257,257,14274,14274,3,2020,2020-3,"-0,4"
96,Turkey,131,131,9253,9271,3,2020,2020-3,"11,9"
97,United Kingdom,3179,3179,29356,29371,3,2020,2020-3,"1,5"
98,Austria,468,602,6086,15282,4,2020,2020-4,"1,5"
99,Belgium,6412,7390,34535,50019,4,2020,2020-4,0
100,Bulgaria,48,56,954,1300,4,2020,2020-4,"1,3"
101,Croatia,50,55,1373,2023,4,2020,2020-4,"-0,1"
102,Cyprus,12,21,539,828,4,2020,2020-4,"-1,2"
103,Czechia,201,224,4591,7417,4,2020,2020-4,"3,3"
104,Denmark,48,132,6353,9134,4,2020,2020-4,"-0,1"
105,Estonia,48,121,935,6890,4,2020,2020-4,"-0,9"
106,Finland,176,189,3279,4735,4,2020,2020-4,"-0,3"
107,France,11477,14193,84240,124418,4,2020,2020-4,"0,4"
108,Germany,5921,6633,92889,156784,4,2020,2020-4,"0,8"
109,Greece,92,134,1236,2560,4,2020,2020-4,"-0,9"
110,Hungary,269,284,2132,2576,4,2020,2020-4,"2,5"
111,Iceland,8,10,644,1806,4,2020,2020-4,"-0,1"
112,Ireland,906,983,16483,19123,4,2020,2020-4,"-0,3"
113,Italy,15165,28795,96799,201784,4,2020,2020-4,"0,1"
114,Latvia,13,13,466,813,4,2020,2020-4,"-0,1"
115,Lithuania,35,53,155,155,4,2020,2020-4,"0,9"
116,Luxembourg,58,75,1060,2899,4,2020,2020-4,"-0,8"
117,Malta,4,4,297,445,4,2020,2020-4,"1,1"
118,Netherlands,3835,4912,26824,37566,4,2020,2020-4,1
119,North Macedonia,55,61,1127,1386,4,2020,2020-4,"-0,7"
120,Norway,173,193,2952,7586,4,2020,2020-4,"0,6"
121,Poland,511,533,9692,11554,4,2020,2020-4,"2,9"
122,Portugal,856,1006,16937,22384,4,2020,2020-4,"-0,1"
123,Romania,585,668,9631,11641,4,2020,2020-4,"2,3"
124,Serbia,143,156,7301,8042,4,2020,2020-4,"1,2"
125,Slovakia,20,21,1015,1363,4,2020,2020-4,"2,1"
126,Slovenia,77,90,646,1403,4,2020,2020-4,"-1,3"
127,Spain,16569,25146,110839,219777,4,2020,2020-4,"-0,7"
128,Sweden,2318,2557,14924,18867,4,2020,2020-4,"-0,2"
129,Switzerland,1079,1336,14704,28978,4,2020,2020-4,-1
130,Turkey,2674,2805,100859,110130,4,2020,2020-4,"10,9"
131,United Kingdom,23079,26258,127575,156946,4,2020,2020-4,"0,8"
132,Austria,93,695,1371,16653,5,2020,2020-5,"0,6"
133,Belgium,1933,9323,10871,60890,5,2020,2020-5,"-0,2"
134,Bulgaria,84,140,1213,2513,5,2020,2020-5,1
135,Croatia,48,103,216,2239,5,2020,2020-5,"-0,7"
136,Cyprus,5,26,123,951,5,2020,2020-5,"-1,4"
137,Czechia,94,318,1886,9303,5,2020,2020-5,"3,1"
138,Denmark,51,183,2836,11970,5,2020,2020-5,"-0,2"
139,Estonia,14,135,222,7112,5,2020,2020-5,"-1,8"
140,Finland,124,313,1905,6640,5,2020,2020-5,"-0,1"
141,France,4325,18518,22262,146680,5,2020,2020-5,"0,4"
142,Germany,2146,8779,25250,182034,5,2020,2020-5,"0,5"
143,Greece,45,179,401,2961,5,2020,2020-5,"-0,7"
144,Hungary,244,528,1311,3887,5,2020,2020-5,"2,2"
145,Iceland,0,10,14,1820,5,2020,2020-5,"0,9"
146,Ireland,439,1422,5842,24965,5,2020,2020-5,"-0,8"
147,Italy,5419,34214,31684,233468,5,2020,2020-5,"-0,3"
148,Latvia,12,25,253,1066,5,2020,2020-5,"-0,9"
149,Lithuania,24,77,343,498,5,2020,2020-5,"0,2"
150,Luxembourg,15,90,55,2954,5,2020,2020-5,"-1,6"
151,Malta,5,9,170,615,5,2020,2020-5,"0,9"
152,Netherlands,1139,6051,8630,46196,5,2020,2020-5,"1,1"
153,North Macedonia,72,133,840,2226,5,2020,2020-5,"-0,7"
154,Norway,43,236,852,8438,5,2020,2020-5,"1,1"
155,Poland,530,1063,12230,23784,5,2020,2020-5,"3,4"
156,Portugal,426,1432,10525,32909,5,2020,2020-5,"-0,6"
157,Romania,619,1287,8014,19655,5,2020,2020-5,"1,8"
158,Serbia,87,243,3370,11412,5,2020,2020-5,"1,1"
159,Slovakia,13,34,136,1499,5,2020,2020-5,"2,1"
160,Slovenia,23,113,70,1473,5,2020,2020-5,"-1,4"
161,Spain,4025,29171,26870,246647,5,2020,2020-5,"-0,9"
162,Sweden,2064,4621,19793,38660,5,2020,2020-5,"0,1"
163,Switzerland,320,1656,1801,30779,5,2020,2020-5,-1
164,Turkey,1735,4540,53812,163942,5,2020,2020-5,"11,4"
165,United Kingdom,11961,38219,99496,256442,5,2020,2020-5,"0,5"
166,Austria,36,731,982,17635,6,2020,2020-6,"1,1"
167,Belgium,76,216,2112,4625,6,2020,2020-6,"0,2"
168,Bulgaria,148,383,18919,61475,6,2020,2020-6,"0,9"
169,Croatia,25,1681,755,31534,6,2020,2020-6,"-0,4"
170,Cyprus,3,29,49,1000,6,2020,2020-6,"-2,2"
171,Czechia,28,346,2347,11650,6,2020,2020-6,"3,4"
172,Denmark,304,9083,12046,194080,6,2020,2020-6,"0,2"
173,Estonia,30,213,1044,13014,6,2020,2020-6,"-1,6"
174,Finland,2,137,120,7232,6,2020,2020-6,"0,1"
175,France,12,325,228,6868,6,2020,2020-6,"0,2"
176,Germany,0,0,0,187,6,2020,2020-6,"0,8"
177,Greece,3,15,143,926,6,2020,2020-6,"-1,9"
178,Hungary,12,191,488,3449,6,2020,2020-6,"2,9"
179,Iceland,4,107,445,2684,6,2020,2020-6,"0,3"
180,Ireland,57,585,258,4145,6,2020,2020-6,"-0,6"
181,Italy,64,1486,447,25412,6,2020,2020-6,"-0,4"
182,Latvia,2,31,11,319,6,2020,2020-6,"-1,1"
183,Lithuania,1,78,140,638,6,2020,2020-6,"0,9"
184,Luxembourg,2,92,182,3136,6,2020,2020-6,"-0,4"
185,Malta,5,30,50,1116,6,2020,2020-6,1
186,Netherlands,0,9,52,667,6,2020,2020-6,"1,7"
187,North Macedonia,2,11,157,481,6,2020,2020-6,"2,3"
188,Norway,131,6182,3718,49914,6,2020,2020-6,"1,3"
189,Poland,13,249,419,8857,6,2020,2020-6,"3,8"
190,Portugal,375,1438,10123,33907,6,2020,2020-6,"0,2"
191,Romania,139,1571,9285,42194,6,2020,2020-6,"2,2"
192,Serbia,0,42,27,698,6,2020,2020-6,"1,8"
193,Slovakia,27,270,2634,14046,6,2020,2020-6,"1,8"
194,Slovenia,0,34,149,1648,6,2020,2020-6,"-0,8"
195,Spain,0,113,111,1584,6,2020,2020-6,"-0,3"
196,Sweden,818,5439,27672,66332,6,2020,2020-6,"0,9"
197,Switzerland,557,5097,33297,197239,6,2020,2020-6,"-1,3"
198,Turkey,421,1129,19310,42982,6,2020,2020-6,"12,6"
199,United Kingdom,19,49,1594,2677,6,2020,2020-6,"0,6"
200,Austria,11,742,2892,20527,7,2020,2020-7,"1,8"
201,Belgium,122,338,5687,10312,7,2020,2020-7,"1,7"
202,Bulgaria,151,534,5657,67132,7,2020,2020-7,"0,4"
203,Croatia,19,1700,2791,34325,7,2020,2020-7,"-0,6"
204,Cyprus,0,29,65,1065,7,2020,2020-7,-2
205,Czechia,26,372,3712,15362,7,2020,2020-7,"3,6"
206,Denmark,135,9218,12092,206172,7,2020,2020-7,"0,4"
207,Estonia,9,222,808,13822,7,2020,2020-7,"-1,3"
208,Finland,0,137,42,7274,7,2020,2020-7,"0,7"
209,France,6,331,164,7032,7,2020,2020-7,"0,9"
210,Germany,0,0,4,191,7,2020,2020-7,0
211,Greece,1,16,211,1137,7,2020,2020-7,"-2,1"
212,Hungary,11,202,881,4330,7,2020,2020-7,"3,9"
213,Iceland,29,136,2166,4850,7,2020,2020-7,"-0,1"
214,Ireland,11,596,303,4448,7,2020,2020-7,"-0,6"
215,Italy,17,1503,462,25874,7,2020,2020-7,"0,8"
216,Latvia,0,31,13,332,7,2020,2020-7,"0,1"
217,Lithuania,1,79,203,841,7,2020,2020-7,"0,9"
218,Luxembourg,2,94,1727,4863,7,2020,2020-7,"0,1"
219,Malta,1,31,103,1219,7,2020,2020-7,"0,7"
220,Netherlands,0,9,30,697,7,2020,2020-7,"1,6"
221,North Macedonia,29,40,2088,2569,7,2020,2020-7,2
222,Norway,32,6214,2954,52868,7,2020,2020-7,"1,4"
223,Poland,6,255,279,9136,7,2020,2020-7,"3,7"
224,Portugal,233,1671,9158,43065,7,2020,2020-7,"-0,1"
225,Romania,153,1724,8845,51039,7,2020,2020-7,"2,5"
226,Serbia,0,42,1,699,7,2020,2020-7,"2,2"
227,Slovakia,264,534,9684,23730,7,2020,2020-7,"1,8"
228,Slovenia,1,35,522,2170,7,2020,2020-7,"-0,3"
229,Spain,5,118,504,2088,7,2020,2020-7,"-0,7"
230,Sweden,269,5708,9396,75728,7,2020,2020-7,"0,7"
231,Switzerland,516,5613,28861,226100,7,2020,2020-7,"-1,2"
232,Turkey,476,1605,21867,64849,7,2020,2020-7,"11,8"
233,United Kingdom,120,169,4240,6917,7,2020,2020-7,1
234,Austria,19,761,6826,27353,8,2020,2020-8,"1,4"
235,Belgium,267,605,5852,16164,8,2020,2020-8,"-0,9"
236,Bulgaria,142,676,4555,71687,8,2020,2020-8,"0,6"
237,Croatia,24,1724,7581,41906,8,2020,2020-8,"-0,4"
238,Cyprus,1,30,429,1494,8,2020,2020-8,"-2,9"
239,Czechia,54,426,9034,24396,8,2020,2020-8,"3,5"
240,Denmark,175,9393,37294,243466,8,2020,2020-8,"0,4"
241,Estonia,11,233,3498,17320,8,2020,2020-8,"-1,3"
242,Finland,1,138,342,7616,8,2020,2020-8,"0,3"
243,France,11,342,710,7742,8,2020,2020-8,"0,2"
244,Germany,0,0,220,411,8,2020,2020-8,"-0,1"
245,Greece,3,19,350,1487,8,2020,2020-8,"-2,3"
246,Hungary,63,265,6341,10671,8,2020,2020-8,4
247,Iceland,48,184,5266,10116,8,2020,2020-8,"0,9"
248,Ireland,21,617,1691,6139,8,2020,2020-8,"-1,1"
249,Italy,9,1512,2920,28794,8,2020,2020-8,"-0,5"
250,Latvia,1,32,42,374,8,2020,2020-8,"-0,5"
251,Lithuania,8,87,886,1727,8,2020,2020-8,"1,2"
252,Luxembourg,13,107,1515,6378,8,2020,2020-8,"-0,2"
253,Malta,3,34,174,1393,8,2020,2020-8,"0,7"
254,Netherlands,2,11,1162,1859,8,2020,2020-8,"0,3"
255,North Macedonia,58,98,2221,4790,8,2020,2020-8,"1,9"
256,Norway,89,6303,17176,70044,8,2020,2020-8,"1,6"
257,Poland,9,264,1678,10814,8,2020,2020-8,"3,7"
258,Portugal,362,2033,23805,66870,8,2020,2020-8,"-0,2"
259,Romania,103,1827,8399,59438,8,2020,2020-8,"2,5"
260,Serbia,0,42,11,710,8,2020,2020-8,"1,9"
261,Slovakia,177,711,7635,31365,8,2020,2020-8,"1,4"
262,Slovenia,15,50,1724,3894,8,2020,2020-8,"-0,7"
263,Spain,14,132,796,2884,8,2020,2020-8,"-0,6"
264,Sweden,81,5789,8509,84237,8,2020,2020-8,1
265,Switzerland,713,6326,271266,497366,8,2020,2020-8,"-1,4"
266,Turkey,922,2527,54225,119074,8,2020,2020-8,"11,8"
267,United Kingdom,347,516,6417,13334,8,2020,2020-8,"0,2"
268,Austria,55,816,16132,43485,9,2020,2020-9,"1,2"
269,Belgium,184,789,3833,19997,9,2020,2020-9,"0,5"
270,Bulgaria,142,818,5922,77609,9,2020,2020-9,"0,6"
271,Croatia,54,1778,9958,51864,9,2020,2020-9,"-0,3"
272,Cyprus,2,32,234,1728,9,2020,2020-9,"-1,9"
273,Czechia,201,627,40222,64618,9,2020,2020-9,"3,3"
274,Denmark,171,9564,43743,287209,9,2020,2020-9,"0,5"
275,Estonia,25,258,10270,27590,9,2020,2020-9,"-1,3"
276,Finland,0,138,898,8514,9,2020,2020-9,"0,3"
277,France,13,355,1727,9469,9,2020,2020-9,0
278,Germany,0,0,49,460,9,2020,2020-9,"-0,4"
279,Greece,9,28,4065,5552,9,2020,2020-9,"-2,3"
280,Hungary,122,387,7524,18195,9,2020,2020-9,"3,4"
281,Iceland,88,272,6074,16190,9,2020,2020-9,"1,4"
282,Ireland,142,759,18572,24711,9,2020,2020-9,"-1,2"
283,Italy,34,1546,6550,35344,9,2020,2020-9,-1
284,Latvia,0,32,26,400,9,2020,2020-9,"-0,4"
285,Lithuania,13,100,1583,3310,9,2020,2020-9,"0,6"
286,Luxembourg,1,108,1699,8077,9,2020,2020-9,"-0,3"
287,Malta,2,36,283,1676,9,2020,2020-9,"0,5"
288,Netherlands,20,31,1117,2976,9,2020,2020-9,1
289,North Macedonia,60,158,5523,10313,9,2020,2020-9,"2,1"
290,Norway,162,6465,41342,111386,9,2020,2020-9,"1,4"
291,Poland,6,270,3013,13827,9,2020,2020-9,"3,8"
292,Portugal,398,2431,20460,87330,9,2020,2020-9,"-0,8"
293,Romania,136,1963,15749,75187,9,2020,2020-9,"2,1"
294,Serbia,0,42,17,727,9,2020,2020-9,"1,8"
295,Slovakia,36,747,2019,33384,9,2020,2020-9,"1,4"
296,Slovenia,48,98,5459,9353,9,2020,2020-9,"-0,7"
297,Spain,21,153,2506,5390,9,2020,2020-9,"-0,6"
298,Sweden,48,5837,7923,92160,9,2020,2020-9,"0,6"
299,Switzerland,1671,7997,234327,731693,9,2020,2020-9,"-1,1"
300,Turkey,1432,3959,79560,198634,9,2020,2020-9,"11,7"
301,United Kingdom,106,622,2138,15472,9,2020,2020-9,"0,5"
302,Austria,239,1055,41259,84744,10,2020,2020-10,"1,1"
303,Belgium,295,1084,17565,37562,10,2020,2020-10,"0,4"
304,Bulgaria,139,957,15214,92823,10,2020,2020-10,"0,6"
305,Croatia,98,1876,51459,103323,10,2020,2020-10,"-0,2"
306,Cyprus,3,35,1978,3706,10,2020,2020-10,"-1,4"
307,Czechia,1842,2469,193514,258132,10,2020,2020-10,"2,9"
308,Denmark,845,10409,159007,446216,10,2020,2020-10,"0,3"
309,Estonia,53,311,14603,42193,10,2020,2020-10,"-1,7"
310,Finland,9,147,1153,9667,10,2020,2020-10,"0,2"
311,France,22,377,5174,14643,10,2020,2020-10,"0,1"
312,Germany,0,0,30,490,10,2020,2020-10,"-0,5"
313,Greece,187,215,24751,30303,10,2020,2020-10,-2
314,Hungary,197,584,14511,32706,10,2020,2020-10,3
315,Iceland,165,437,20183,36373,10,2020,2020-10,"1,7"
316,Ireland,762,1521,36849,61560,10,2020,2020-10,"-1,5"
317,Italy,94,1640,22507,57851,10,2020,2020-10,"-0,6"
318,Latvia,0,32,130,530,10,2020,2020-10,"-0,7"
319,Lithuania,99,199,6460,9770,10,2020,2020-10,"0,5"
320,Luxembourg,18,126,5869,13946,10,2020,2020-10,"-0,4"
321,Malta,24,60,3002,4678,10,2020,2020-10,"0,6"
322,Netherlands,20,51,2519,5495,10,2020,2020-10,"1,2"
323,North Macedonia,108,266,6484,16797,10,2020,2020-10,"2,1"
324,Norway,907,7372,179019,290405,10,2020,2020-10,"1,7"
325,Poland,9,279,4528,18355,10,2020,2020-10,"3,8"
326,Portugal,2006,4437,166358,253688,10,2020,2020-10,"-0,6"
327,Romania,393,2356,43433,118620,10,2020,2020-10,"1,8"
328,Serbia,0,42,92,819,10,2020,2020-10,"1,8"
329,Slovakia,45,792,6102,39486,10,2020,2020-10,"1,6"
330,Slovenia,323,421,36023,45376,10,2020,2020-10,"-0,5"
331,Spain,134,287,18723,24113,10,2020,2020-10,"-0,9"
332,Sweden,98,5935,22695,114855,10,2020,2020-10,"0,4"
333,Switzerland,1802,9799,235808,967501,10,2020,2020-10,"-0,9"
334,Turkey,2432,6391,144855,343489,10,2020,2020-10,"11,9"
335,United Kingdom,41,663,2471,17943,10,2020,2020-10,"0,7"
336,Austria,2548,3603,196155,280899,11,2020,2020-11,"1,1"
337,Belgium,2665,3749,104185,141747,11,2020,2020-11,"0,2"
338,Bulgaria,194,1151,42185,135008,11,2020,2020-11,"0,3"
339,Croatia,2360,4236,213694,317017,11,2020,2020-11,0
340,Cyprus,36,71,7085,10791,11,2020,2020-11,"-1,1"
341,Czechia,6014,8483,261643,519775,11,2020,2020-11,"2,8"
342,Denmark,8734,19143,616148,1062364,11,2020,2020-11,"0,4"
343,Estonia,127,438,28483,70676,11,2020,2020-11,"-1,2"
344,Finland,42,189,7861,17528,11,2020,2020-11,"0,2"
345,France,72,449,10101,24744,11,2020,2020-11,"0,2"
346,Germany,0,0,12,502,11,2020,2020-11,"-0,7"
347,Greece,1052,1267,105281,135584,11,2020,2020-11,"-2,1"
348,Hungary,1863,2447,75507,108213,11,2020,2020-11,"2,8"
349,Iceland,1275,1712,90232,126605,11,2020,2020-11,"2,6"
350,Ireland,3431,4952,155560,217120,11,2020,2020-11,-1
351,Italy,215,1855,14588,72439,11,2020,2020-11,"-0,3"
352,Latvia,0,32,398,928,11,2020,2020-11,"-0,7"
353,Lithuania,792,991,50377,60147,11,2020,2020-11,"0,4"
354,Luxembourg,149,275,19551,33497,11,2020,2020-11,"-0,7"
355,Malta,173,233,12297,16975,11,2020,2020-11,"0,2"
356,Netherlands,82,133,4254,9749,11,2020,2020-11,"0,7"
357,North Macedonia,221,487,18084,34881,11,2020,2020-11,3
358,Norway,2276,9648,227120,517525,11,2020,2020-11,"0,4"
359,Poland,49,328,17869,36224,11,2020,2020-11,"3,7"
360,Portugal,12589,17026,708644,962332,11,2020,2020-11,"-0,4"
361,Romania,2161,4517,160780,279400,11,2020,2020-11,"1,7"
362,Serbia,3,45,767,1586,11,2020,2020-11,"1,7"
363,Slovakia,757,1549,129728,169214,11,2020,2020-11,"1,6"
364,Slovenia,1422,1843,67344,112720,11,2020,2020-11,"-1,1"
365,Spain,1280,1567,51758,75871,11,2020,2020-11,"-0,8"
366,Sweden,1223,7158,142702,257557,11,2020,2020-11,"0,2"
367,Switzerland,3759,13558,432928,1400429,11,2020,2020-11,"-0,8"
368,Turkey,5822,12213,379190,722679,11,2020,2020-11,14
369,United Kingdom,342,1005,21114,39057,11,2020,2020-11,"0,3"
370,Austria,2916,6519,84877,365776,12,2020,2020-12,1
371,Belgium,3895,7644,61133,202880,12,2020,2020-12,"0,4"
372,Bulgaria,300,1451,64954,199962,12,2020,2020-12,0
373,Croatia,3002,7238,142643,459660,12,2020,2020-12,"-0,3"
374,Cyprus,99,170,13743,24534,12,2020,2020-12,"-0,8"
375,Czechia,3978,12461,227357,747132,12,2020,2020-12,"2,4"
376,Denmark,24839,43982,721288,1783652,12,2020,2020-12,"0,4"
377,Estonia,545,983,58157,128833,12,2020,2020-12,"-0,9"
378,Finland,134,323,17212,34740,12,2020,2020-12,"0,2"
379,France,202,651,11482,36226,12,2020,2020-12,0
380,Germany,0,0,118,620,12,2020,2020-12,"-0,7"
381,Greece,1361,2628,94179,229763,12,2020,2020-12,"-2,4"
382,Hungary,2555,5002,33699,141912,12,2020,2020-12,"2,8"
383,Iceland,2360,4072,86346,212951,12,2020,2020-12,"2,3"
384,Ireland,5610,10562,111692,328812,12,2020,2020-12,-1
385,Italy,231,2086,35468,107907,12,2020,2020-12,"-0,3"
386,Latvia,12,44,1893,2821,12,2020,2020-12,"-0,5"
387,Lithuania,1532,2523,86661,146808,12,2020,2020-12,"-0,1"
388,Luxembourg,186,461,12425,45922,12,2020,2020-12,"-0,3"
389,Malta,495,728,25522,42497,12,2020,2020-12,"0,2"
390,Netherlands,87,220,3330,13079,12,2020,2020-12,"0,9"
391,North Macedonia,202,689,14314,49195,12,2020,2020-12,"3,1"
392,Norway,2518,12166,302165,819690,12,2020,2020-12,"1,4"
393,Poland,108,436,15311,51535,12,2020,2020-12,"3,4"
394,Portugal,12153,29179,332541,1294873,12,2020,2020-12,"-0,3"
395,Romania,2706,7223,131925,411325,12,2020,2020-12,"1,8"
396,Serbia,17,62,907,2493,12,2020,2020-12,"1,3"
397,Slovakia,1776,3325,174656,343870,12,2020,2020-12,"1,6"
398,Slovenia,2264,4107,158846,271566,12,2020,2020-12,"-1,2"
399,Spain,1560,3127,50090,125961,12,2020,2020-12,"-0,6"
400,Sweden,2927,10085,205102,462659,12,2020,2020-12,"0,6"
401,Switzerland,7930,21488,841483,2241912,12,2020,2020-12,-1
402,Turkey,6641,18854,351414,1074093,12,2020,2020-12,"14,6"
403,United Kingdom,339,1344,12908,51965,12,2020,2020-12,"0,8"
404,Belgium,1384,9028,15738,218618,1,2021,2021-1,"0,6"
405,Bulgaria,267,1718,48374,248336,1,2021,2021-1,"-0,3"
406,Croatia,1441,8679,62868,522528,1,2021,2021-1,0
407,Cyprus,84,254,6416,30950,1,2021,2021-1,"-0,8"
408,Czechia,4409,16870,241120,988252,1,2021,2021-1,"2,2"
409,Denmark,20144,64126,438086,2221738,1,2021,2021-1,"0,4"
410,Estonia,751,1734,27199,156032,1,2021,2021-1,"0,3"
411,France,130,781,8650,44876,1,2021,2021-1,"0,8"
412,Germany,1,1,34,654,1,2021,2021-1,"1,6"
413,Greece,566,3194,28588,258351,1,2021,2021-1,"-2,4"
414,Hungary,823,5825,17006,158918,1,2021,2021-1,"2,9"
415,Iceland,955,5027,19468,232419,1,2021,2021-1,"3,5"
416,Ireland,2613,13175,39855,368667,1,2021,2021-1,"-0,1"
417,Italy,1373,3459,89394,197301,1,2021,2021-1,"0,7"
418,Latvia,22,66,331,3152,1,2021,2021-1,"-0,5"
419,Lithuania,685,3208,31856,178664,1,2021,2021-1,"0,2"
420,Luxembourg,96,557,3843,49765,1,2021,2021-1,"1,1"
421,Malta,635,1363,23742,66239,1,2021,2021-1,"0,2"
422,Netherlands,47,267,4821,17900,1,2021,2021-1,"1,6"
423,North Macedonia,116,805,12464,61659,1,2021,2021-1,"2,6"
424,Norway,2171,14337,157881,977571,1,2021,2021-1,"2,7"
425,Poland,121,557,11857,63392,1,2021,2021-1,"3,6"
426,Portugal,8115,37294,192508,1487381,1,2021,2021-1,"0,2"
427,Romania,5566,12789,278565,689890,1,2021,2021-1,2
428,Serbia,5,67,532,3025,1,2021,2021-1,"1,2"
429,Slovakia,695,4020,51393,395263,1,2021,2021-1,"0,7"
430,Slovenia,2473,6580,142917,414483,1,2021,2021-1,"-0,9"
431,Spain,728,3855,40960,166921,1,2021,2021-1,"0,4"
432,Sweden,2144,12229,112257,574916,1,2021,2021-1,"1,9"
433,Switzerland,4505,25993,235551,2477463,1,2021,2021-1,"-0,6"
434,Turkey,4080,22934,149786,1223879,1,2021,2021-1,15
435,Belgium,1139,10167,28088,246706,2,2021,2021-2,"0,3"
436,Bulgaria,267,1985,39931,288267,2,2021,2021-2,"0,2"
437,Croatia,556,9235,32312,554840,2,2021,2021-2,"0,7"
438,Cyprus,45,299,3562,34512,2,2021,2021-2,"-0,9"
439,Czechia,4163,21033,252995,1241247,2,2021,2021-2,"2,1"
440,Denmark,9939,74065,224215,2445953,2,2021,2021-2,"0,5"
441,Estonia,236,1970,13462,169494,2,2021,2021-2,"0,5"
442,France,106,887,12558,57434,2,2021,2021-2,"0,8"
443,Germany,0,1,4,658,2,2021,2021-2,"1,6"
444,Greece,326,3520,12567,270918,2,2021,2021-2,"-1,9"
445,Hungary,727,6552,35885,194803,2,2021,2021-2,"3,3"
446,Iceland,499,5526,10547,242966,2,2021,2021-2,"2,8"
447,Ireland,2314,15489,64205,432872,2,2021,2021-2,"-0,4"
448,Italy,893,4352,22855,220156,2,2021,2021-2,1
449,Latvia,3,69,65,3217,2,2021,2021-2,"-0,2"
450,Lithuania,314,3522,13925,192589,2,2021,2021-2,"0,4"
451,Luxembourg,85,642,5158,54923,2,2021,2021-2,"-0,5"
452,Malta,405,1768,19945,86184,2,2021,2021-2,"0,1"
453,Netherlands,48,315,4579,22479,2,2021,2021-2,"1,9"
454,North Macedonia,198,1003,14174,75833,2,2021,2021-2,"2,5"
455,Norway,1479,15816,110169,1087740,2,2021,2021-2,"3,6"
456,Poland,65,622,8723,72115,2,2021,2021-2,"3,6"
457,Portugal,6628,43922,195885,1683266,2,2021,2021-2,"0,3"
458,Romania,3555,16344,90362,780252,2,2021,2021-2,"2,5"
459,Serbia,7,74,691,3716,2,2021,2021-2,"1,2"
460,Slovakia,423,4443,63996,459259,2,2021,2021-2,"0,9"
461,Slovenia,2672,9252,143837,558320,2,2021,2021-2,"-1,1"
462,Spain,317,4172,23504,190425,2,2021,2021-2,"-0,1"
463,Sweden,792,13021,91180,666096,2,2021,2021-2,"1,8"
464,Switzerland,2576,28569,224125,2701588,2,2021,2021-2,"-0,4"
465,Turkey,3116,26050,128255,1352134,2,2021,2021-2,"15,6"
466,Belgium,2483,12650,81064,327770,3,2021,2021-3,"1,6"
467,Bulgaria,234,2219,30414,318681,3,2021,2021-3,"0,8"
468,Croatia,354,9589,39203,594043,3,2021,2021-3,"1,6"
469,Cyprus,26,325,9434,43946,3,2021,2021-3,"0,3"
470,Czechia,5583,26616,277240,1518487,3,2021,2021-3,"2,3"
471,Denmark,4974,79039,338809,2784762,3,2021,2021-3,"0,9"
472,Estonia,53,2023,19224,188718,3,2021,2021-3,"0,9"
473,France,122,1009,18129,75563,3,2021,2021-3,"1,4"
474,Germany,0,1,3,661,3,2021,2021-3,2
475,Greece,231,3751,9383,280301,3,2021,2021-3,-2
476,Hungary,1459,8011,65704,260507,3,2021,2021-3,"3,9"
477,Iceland,367,5893,24249,267215,3,2021,2021-3,"3,8"
478,Ireland,5608,21097,208191,641063,3,2021,2021-3,"0,1"
479,Italy,239,4591,14826,234982,3,2021,2021-3,"0,6"
480,Latvia,0,69,8,3225,3,2021,2021-3,"0,3"
481,Lithuania,247,3769,14111,206700,3,2021,2021-3,"1,6"
482,Luxembourg,131,773,6036,60959,3,2021,2021-3,"2,5"
483,Malta,249,2017,14854,101038,3,2021,2021-3,"0,1"
484,Netherlands,72,387,6393,28872,3,2021,2021-3,"1,9"
485,North Macedonia,242,1245,14250,90083,3,2021,2021-3,"2,7"
486,Norway,755,16571,163686,1251426,3,2021,2021-3,"3,4"
487,Poland,34,656,22350,94465,3,2021,2021-3,"4,4"
488,Portugal,8154,52076,556066,2239332,3,2021,2021-3,"0,1"
489,Romania,486,16830,25848,806100,3,2021,2021-3,"2,5"
490,Serbia,5,79,640,4356,3,2021,2021-3,"1,7"
491,Slovakia,747,5190,126247,585506,3,2021,2021-3,"1,5"
492,Slovenia,2278,11530,104370,662690,3,2021,2021-3,"0,1"
493,Spain,186,4358,22702,213127,3,2021,2021-3,"1,2"
494,Sweden,523,13544,127206,793302,3,2021,2021-3,"2,1"
495,Switzerland,2507,31076,506585,3208173,3,2021,2021-3,"-0,2"
496,Turkey,6082,32132,300275,1652409,3,2021,2021-3,"16,2"
497,Belgium,3209,15859,69330,397100,4,2021,2021-4,"2,1"
498,Bulgaria,283,2502,35165,353846,4,2021,2021-4,2
499,Croatia,326,9915,54804,648847,4,2021,2021-4,"2,1"
500,Cyprus,65,390,17509,61455,4,2021,2021-4,"1,2"
501,Czechia,2813,29429,103555,1622042,4,2021,2021-4,"3,1"
502,Denmark,6062,85101,515326,3300088,4,2021,2021-4,"1,5"
503,Estonia,61,2084,16903,205621,4,2021,2021-4,"1,6"
504,France,120,1129,9268,84831,4,2021,2021-4,"1,6"
505,Germany,0,1,2,663,4,2021,2021-4,"2,1"
506,Greece,292,4043,23971,304272,4,2021,2021-4,"-1,1"
507,Hungary,2112,10123,81045,341552,4,2021,2021-4,"5,2"
508,Iceland,961,6854,55404,322619,4,2021,2021-4,"3,5"
509,Ireland,5610,26707,130403,771466,4,2021,2021-4,"1,1"
510,Italy,115,4706,12008,246990,4,2021,2021-4,1
511,Latvia,0,69,8,3233,4,2021,2021-4,"1,7"
512,Lithuania,290,4059,26154,232854,4,2021,2021-4,"2,4"
513,Luxembourg,57,830,5668,66627,4,2021,2021-4,"3,3"
514,Malta,247,2264,14276,115314,4,2021,2021-4,"0,1"
515,Netherlands,26,413,1299,30171,4,2021,2021-4,"1,7"
516,North Macedonia,220,1465,6577,96660,4,2021,2021-4,"3,1"
517,Norway,582,17153,208745,1460171,4,2021,2021-4,"3,2"
518,Poland,80,736,16894,111359,4,2021,2021-4,"5,1"
519,Portugal,13588,65664,494376,2733708,4,2021,2021-4,"-0,1"
520,Romania,122,16952,17221,823321,4,2021,2021-4,"2,7"
521,Serbia,11,90,699,5055,4,2021,2021-4,"2,6"
522,Slovakia,1037,6227,94161,679667,4,2021,2021-4,"1,7"
523,Slovenia,1202,12732,44684,707374,4,2021,2021-4,"2,2"
524,Spain,206,4564,24224,237351,4,2021,2021-4,2
525,Sweden,547,14091,156592,949894,4,2021,2021-4,"2,8"
526,Switzerland,7282,38358,1421796,4629969,4,2021,2021-4,"-0,1"
527,Turkey,10386,42518,377924,2030333,4,2021,2021-4,"17,1"
528,Belgium,1798,17657,21121,418221,5,2021,2021-5,"2,5"
529,Bulgaria,349,2851,40593,394439,5,2021,2021-5,"2,3"
530,Croatia,290,10205,42789,691636,5,2021,2021-5,"2,4"
531,Cyprus,71,461,10094,71549,5,2021,2021-5,"1,5"
532,Czechia,920,30349,41188,1663230,5,2021,2021-5,"2,7"
533,Denmark,5823,90924,379252,3679340,5,2021,2021-5,"1,9"
534,Estonia,41,2125,30589,236210,5,2021,2021-5,"3,2"
535,France,103,1232,6445,91276,5,2021,2021-5,"1,8"
536,Germany,0,1,55,718,5,2021,2021-5,"2,4"
537,Greece,730,4773,39691,343963,5,2021,2021-5,"-1,2"
538,Hungary,1978,12101,68492,410044,5,2021,2021-5,"5,3"
539,Iceland,1160,8014,33515,356134,5,2021,2021-5,"3,3"
540,Ireland,1882,28589,33153,804619,5,2021,2021-5,"1,9"
541,Italy,51,4757,14796,261786,5,2021,2021-5,"1,2"
542,Latvia,0,69,10,3243,5,2021,2021-5,"2,6"
543,Lithuania,294,4353,30562,263416,5,2021,2021-5,"3,5"
544,Luxembourg,41,871,3919,70546,5,2021,2021-5,4
545,Malta,295,2559,17782,133096,5,2021,2021-5,"0,2"
546,Netherlands,6,419,359,30530,5,2021,2021-5,2
547,North Macedonia,118,1583,2945,99605,5,2021,2021-5,"3,3"
548,Norway,505,17658,186287,1646458,5,2021,2021-5,"2,8"
549,Poland,47,783,14004,125363,5,2021,2021-5,"4,6"
550,Portugal,8384,74048,110428,2844136,5,2021,2021-5,"0,5"
551,Romania,59,17011,18232,841553,5,2021,2021-5,"3,2"
552,Serbia,0,90,35,5090,5,2021,2021-5,"3,5"
553,Slovakia,627,6854,32557,712224,5,2021,2021-5,2
554,Slovenia,472,13204,19879,727253,5,2021,2021-5,"2,2"
555,Spain,150,4714,16462,253813,5,2021,2021-5,"2,4"
556,Sweden,450,14541,121042,1070936,5,2021,2021-5,"2,4"
557,Switzerland,9047,47405,612942,5242911,5,2021,2021-5,"0,3"
558,Turkey,8018,50536,172161,2202494,5,2021,2021-5,"16,6"
559,Belgium,370,18027,3294,421515,6,2021,2021-6,"2,6"
560,Bulgaria,271,3122,21341,415780,6,2021,2021-6,"2,4"
561,Croatia,84,10289,7983,699619,6,2021,2021-6,"2,2"
562,Cyprus,21,482,2587,74136,6,2021,2021-6,"2,2"
563,Czechia,88,30437,5430,1668660,6,2021,2021-6,"2,5"
564,Denmark,1149,92073,46888,3726228,6,2021,2021-6,"1,9"
565,Estonia,16,2141,11472,247682,6,2021,2021-6,"3,7"
566,France,47,1279,2709,93985,6,2021,2021-6,"1,9"
567,Germany,0,1,54,772,6,2021,2021-6,"2,1"
568,Greece,502,5275,19911,363874,6,2021,2021-6,"0,6"
569,Hungary,589,12690,18069,428113,6,2021,2021-6,"5,3"
570,Iceland,186,8200,3511,359645,6,2021,2021-6,4
571,Ireland,192,28781,3504,808123,6,2021,2021-6,"1,6"
572,Italy,18,4775,9159,270945,6,2021,2021-6,"1,3"
573,Latvia,0,69,213,3456,6,2021,2021-6,"2,7"
574,Lithuania,64,4417,4042,267458,6,2021,2021-6,"3,5"
575,Luxembourg,9,880,846,71392,6,2021,2021-6,"3,4"
576,Malta,124,2683,4112,137208,6,2021,2021-6,"0,2"
577,Netherlands,1,420,73,30603,6,2021,2021-6,"1,7"
578,North Macedonia,26,1609,585,100190,6,2021,2021-6,"2,3"
579,Norway,102,17760,36413,1682871,6,2021,2021-6,3
580,Poland,9,792,5609,130972,6,2021,2021-6,"4,1"
581,Portugal,1253,75301,7266,2851402,6,2021,2021-6,"-0,6"
582,Romania,63,17074,27124,868677,6,2021,2021-6,"3,5"
583,Serbia,0,90,2,5092,6,2021,2021-6,"3,2"
584,Slovakia,177,7031,4077,716301,6,2021,2021-6,"2,5"
585,Slovenia,83,13287,3357,730610,6,2021,2021-6,"1,7"
586,Spain,49,4763,3527,257340,6,2021,2021-6,"2,5"
587,Sweden,87,14628,18319,1089255,6,2021,2021-6,"1,8"
588,Switzerland,2171,49576,166116,5409027,6,2021,2021-6,"0,5"
589,Turkey,1759,52295,31787,2234281,6,2021,2021-6,"17,5"
590,Belgium,166,18193,2114,423629,7,2021,2021-7,"1,4"
591,Bulgaria,281,3403,25576,441356,7,2021,2021-7,"2,2"
592,Croatia,43,10332,11618,711237,7,2021,2021-7,"2,7"
593,Cyprus,32,514,25964,100100,7,2021,2021-7,"2,7"
594,Czechia,16,30453,5343,1674003,7,2021,2021-7,"2,7"
595,Denmark,287,92360,31717,3757945,7,2021,2021-7,"1,7"
596,Estonia,10,2151,19424,267106,7,2021,2021-7,"4,9"
597,France,44,1323,8053,102038,7,2021,2021-7,"1,5"
598,Germany,0,1,201,973,7,2021,2021-7,"3,1"
599,Greece,439,5714,40149,404023,7,2021,2021-7,"0,7"
600,Hungary,229,12919,54857,482970,7,2021,2021-7,"4,7"
601,Iceland,45,8245,2969,362614,7,2021,2021-7,"3,7"
602,Ireland,27,28808,1220,809343,7,2021,2021-7,"2,2"
603,Italy,20,4795,22135,293080,7,2021,2021-7,1
604,Latvia,0,69,4403,7859,7,2021,2021-7,"2,8"
605,Lithuania,17,4434,2272,269730,7,2021,2021-7,"4,3"
606,Luxembourg,13,893,3235,74627,7,2021,2021-7,"3,3"
607,Malta,30,2713,1271,138479,7,2021,2021-7,"0,3"
608,Netherlands,1,421,3062,33665,7,2021,2021-7,"1,4"
609,North Macedonia,15,1624,940,101130,7,2021,2021-7,"2,8"
610,Norway,61,17821,159997,1842868,7,2021,2021-7,"3,3"
611,Poland,7,799,5170,136142,7,2021,2021-7,"4,7"
612,Portugal,267,75568,2546,2853948,7,2021,2021-7,"1,1"
613,Romania,218,17292,83287,951964,7,2021,2021-7,"3,8"
614,Serbia,0,90,24,5116,7,2021,2021-7,"3,1"
615,Slovakia,73,7104,3811,720112,7,2021,2021-7,"2,9"
616,Slovenia,20,13307,996,731606,7,2021,2021-7,2
617,Spain,10,4773,1414,258754,7,2021,2021-7,"2,9"
618,Sweden,16,14644,7928,1097183,7,2021,2021-7,"1,8"
619,Switzerland,1303,50879,178351,5587378,7,2021,2021-7,"0,5"
620,Turkey,554,52849,14382,2248663,7,2021,2021-7,"18,9"
621,Belgium,512,18705,27519,451148,8,2021,2021-8,"4,7"
622,Bulgaria,365,3768,39008,480364,8,2021,2021-8,"2,5"
623,Croatia,100,10432,62346,773583,8,2021,2021-8,"3,1"
624,Cyprus,120,634,15278,115378,8,2021,2021-8,"3,3"
625,Czechia,30,30483,6299,1680302,8,2021,2021-8,"3,1"
626,Denmark,477,92837,184062,3942007,8,2021,2021-8,"1,8"
627,Estonia,38,2189,30452,297558,8,2021,2021-8,5
628,France,98,1421,23246,125284,8,2021,2021-8,"2,4"
629,Germany,1,2,27,1000,8,2021,2021-8,"3,4"
630,Greece,1537,7251,139095,543118,8,2021,2021-8,"1,2"
631,Hungary,792,13711,104716,587686,8,2021,2021-8,"4,9"
632,Iceland,80,8325,10570,373184,8,2021,2021-8,"3,7"
633,Ireland,36,28844,2965,812308,8,2021,2021-8,3
634,Italy,81,4876,54336,347416,8,2021,2021-8,"2,5"
635,Latvia,8,77,1431,9290,8,2021,2021-8,"3,6"
636,Lithuania,219,4653,16825,286555,8,2021,2021-8,5
637,Luxembourg,7,900,2497,77124,8,2021,2021-8,"3,5"
638,Malta,28,2741,3838,142317,8,2021,2021-8,"0,4"
639,Netherlands,19,440,2421,36086,8,2021,2021-8,"2,7"
640,North Macedonia,92,1716,13234,114364,8,2021,2021-8,"3,3"
641,Norway,213,18034,93289,1936157,8,2021,2021-8,"3,8"
642,Poland,15,814,22245,158387,8,2021,2021-8,5
643,Portugal,106,75674,6201,2860149,8,2021,2021-8,"1,3"
644,Romania,424,17716,84044,1036008,8,2021,2021-8,4
645,Serbia,0,90,205,5321,8,2021,2021-8,"4,2"
646,Slovakia,162,7266,37505,757617,8,2021,2021-8,"3,3"
647,Slovenia,24,13331,2906,734512,8,2021,2021-8,"2,1"
648,Spain,21,4794,7987,266741,8,2021,2021-8,"3,3"
649,Sweden,49,14693,27034,1124217,8,2021,2021-8,"2,5"
650,Switzerland,5334,56213,759503,6346881,8,2021,2021-8,"0,8"
651,Turkey,889,53738,36277,2284940,8,2021,2021-8,"19,2"
652,Belgium,1744,20449,41217,492365,9,2021,2021-9,"3,8"
653,Bulgaria,334,4102,51785,532149,9,2021,2021-9,4
654,Croatia,186,10618,59341,832924,9,2021,2021-9,"3,5"
655,Cyprus,45,679,4063,119441,9,2021,2021-9,"3,6"
656,Czechia,36,30519,10706,1691008,9,2021,2021-9,4
657,Denmark,1450,94287,261501,4203508,9,2021,2021-9,"2,4"
658,Estonia,62,2251,10884,308442,9,2021,2021-9,"6,4"
659,France,94,1515,12664,137948,9,2021,2021-9,"2,7"
660,Germany,0,2,127,1127,9,2021,2021-9,"4,1"
661,Greece,1593,8844,64037,607155,9,2021,2021-9,"1,9"
662,Hungary,1016,14727,61552,649238,9,2021,2021-9,"5,5"
663,Iceland,270,8595,26700,399884,9,2021,2021-9,"3,8"
664,Ireland,132,28976,9033,821341,9,2021,2021-9,"3,8"
665,Italy,162,5038,38195,385611,9,2021,2021-9,"2,9"
666,Latvia,1,78,698,9988,9,2021,2021-9,"4,7"
667,Lithuania,439,5092,27516,314071,9,2021,2021-9,"6,4"
668,Luxembourg,7,907,2462,79586,9,2021,2021-9,4
669,Malta,138,2879,12467,154784,9,2021,2021-9,"0,7"
670,Netherlands,17,457,1001,37087,9,2021,2021-9,3
671,North Macedonia,179,1895,15284,129648,9,2021,2021-9,4
672,Norway,143,18177,60007,1996164,9,2021,2021-9,"4,8"
673,Poland,36,850,29009,187396,9,2021,2021-9,"5,6"
674,Portugal,229,75903,15272,2875421,9,2021,2021-9,"1,3"
675,Romania,224,17940,34757,1070765,9,2021,2021-9,"5,2"
676,Serbia,1,91,107,5428,9,2021,2021-9,"5,6"
677,Slovakia,785,8051,153449,911066,9,2021,2021-9,4
678,Slovenia,129,13460,16266,750778,9,2021,2021-9,"2,7"
679,Spain,110,4904,23327,290068,9,2021,2021-9,4
680,Sweden,168,14861,25769,1149986,9,2021,2021-9,3
681,Switzerland,6725,62938,666758,7013639,9,2021,2021-9,"0,8"
682,Turkey,1982,55720,110464,2395404,9,2021,2021-9,"19,6"
683,Belgium,3469,23918,108670,601035,10,2021,2021-10,"5,4"
684,Bulgaria,544,4646,69909,602058,10,2021,2021-10,"5,2"
685,Croatia,199,10817,40486,873410,10,2021,2021-10,"3,9"
686,Cyprus,27,706,4234,123675,10,2021,2021-10,"4,4"
687,Czechia,345,30864,76075,1767083,10,2021,2021-10,"4,8"
688,Denmark,2714,97001,414585,4618093,10,2021,2021-10,"3,2"
689,Estonia,72,2323,32716,341158,10,2021,2021-10,"6,8"
690,France,176,1691,19582,157530,10,2021,2021-10,"3,2"
691,Germany,1,3,1085,2212,10,2021,2021-10,"4,6"
692,Greece,1245,10089,114233,721388,10,2021,2021-10,"2,8"
693,Hungary,1286,16013,96989,746227,10,2021,2021-10,"6,6"
694,Iceland,625,9220,70457,470341,10,2021,2021-10,"4,2"
695,Ireland,853,29829,53369,874710,10,2021,2021-10,"5,1"
696,Italy,226,5264,62744,448355,10,2021,2021-10,"3,2"
697,Latvia,2,80,1165,11153,10,2021,2021-10,6
698,Lithuania,983,6075,80323,394394,10,2021,2021-10,"8,2"
699,Luxembourg,8,915,4491,84077,10,2021,2021-10,"5,3"
700,Malta,740,3619,64353,219137,10,2021,2021-10,"1,4"
701,Netherlands,4,461,565,37652,10,2021,2021-10,"3,7"
702,North Macedonia,208,2103,14666,144314,10,2021,2021-10,"4,7"
703,Norway,318,18495,135490,2131654,10,2021,2021-10,4
704,Poland,50,900,20738,208134,10,2021,2021-10,"6,4"
705,Portugal,1441,77344,126503,3001924,10,2021,2021-10,"1,8"
706,Romania,208,18148,25601,1096366,10,2021,2021-10,"6,5"
707,Serbia,1,92,119,5547,10,2021,2021-10,"6,5"
708,Slovakia,1904,9955,231683,1142749,10,2021,2021-10,"4,4"
709,Slovenia,659,14119,88463,839241,10,2021,2021-10,"3,5"
710,Spain,265,5169,47174,337242,10,2021,2021-10,"5,4"
711,Sweden,173,15034,23541,1173527,10,2021,2021-10,"3,3"
712,Switzerland,7472,70410,995401,8009040,10,2021,2021-10,"1,3"
713,Turkey,12307,68027,540834,2936238,10,2021,2021-10,"19,9"
714,Belgium,4125,28043,87593,688628,11,2021,2021-11,"7,1"
715,Bulgaria,421,5067,51265,653323,11,2021,2021-11,"6,3"
716,Croatia,309,11126,132817,1006227,11,2021,2021-11,"4,7"
717,Cyprus,11,717,8531,132206,11,2021,2021-11,"4,7"
718,Czechia,2219,33083,366698,2133781,11,2021,2021-11,"4,8"
719,Denmark,7267,104268,1204053,5822146,11,2021,2021-11,"3,8"
720,Estonia,158,2481,91716,432874,11,2021,2021-11,"8,6"
721,France,227,1918,26531,184061,11,2021,2021-11,"3,4"
722,Germany,10,13,1341,3553,11,2021,2021-11,6
723,Greece,1885,11974,119205,840593,11,2021,2021-11,4
724,Hungary,2033,18046,181742,927969,11,2021,2021-11,"7,5"
725,Iceland,1539,10759,132968,603309,11,2021,2021-11,"3,9"
726,Ireland,3769,33598,222089,1096799,11,2021,2021-11,"5,4"
727,Italy,191,5455,116192,564547,11,2021,2021-11,"3,9"
728,Latvia,1,81,2799,13952,11,2021,2021-11,"7,4"
729,Lithuania,1400,7475,116827,511221,11,2021,2021-11,"9,3"
730,Luxembourg,25,940,7384,91461,11,2021,2021-11,"6,3"
731,Malta,849,4468,33274,252411,11,2021,2021-11,"2,4"
732,Netherlands,7,468,1581,39233,11,2021,2021-11,"5,9"
733,North Macedonia,182,2285,12559,156873,11,2021,2021-11,"4,8"
734,Norway,1108,19603,466758,2598412,11,2021,2021-11,"5,8"
735,Poland,150,1050,54845,262979,11,2021,2021-11,"7,4"
736,Portugal,6066,83410,490815,3492739,11,2021,2021-11,"2,6"
737,Romania,276,18424,52076,1148442,11,2021,2021-11,"6,7"
738,Serbia,1,93,432,5979,11,2021,2021-11,"7,5"
739,Slovakia,1633,11588,107644,1250393,11,2021,2021-11,"4,8"
740,Slovenia,1680,15799,221098,1060339,11,2021,2021-11,"4,9"
741,Spain,523,5692,81312,418554,11,2021,2021-11,"5,5"
742,Sweden,109,15143,29887,1203414,11,2021,2021-11,"3,9"
743,Switzerland,5823,76233,715360,8724400,11,2021,2021-11,"1,5"
744,Turkey,17387,85414,491589,3427827,11,2021,2021-11,"21,3"
745,Belgium,2940,30983,59556,748184,12,2021,2021-12,"6,6"
746,Bulgaria,332,5399,32139,685462,12,2021,2021-12,"6,6"
747,Croatia,401,11527,163741,1169968,12,2021,2021-12,"5,2"
748,Cyprus,56,773,39152,171358,12,2021,2021-12,"4,8"
749,Czechia,3311,36394,350599,2484380,12,2021,2021-12,"5,4"
750,Denmark,11626,115894,1402502,7224648,12,2021,2021-12,"3,4"
751,Estonia,204,2685,347356,780230,12,2021,2021-12,12
752,France,369,2287,98493,282554,12,2021,2021-12,"3,4"
753,Germany,0,13,1182,4735,12,2021,2021-12,"5,7"
754,Greece,1142,13116,69863,910456,12,2021,2021-12,"4,4"
755,Hungary,2962,21008,355486,1283455,12,2021,2021-12,"7,4"
756,Iceland,1850,12609,117635,720944,12,2021,2021-12,"3,9"
757,Ireland,5038,38636,165560,1262359,12,2021,2021-12,"5,7"
758,Italy,154,5609,207944,772491,12,2021,2021-12,"4,2"
759,Latvia,6,87,2535,16487,12,2021,2021-12,"7,9"
760,Lithuania,634,8109,55333,566554,12,2021,2021-12,"10,7"
761,Luxembourg,42,982,17794,109255,12,2021,2021-12,"5,4"
762,Malta,419,4887,24608,277019,12,2021,2021-12,"2,6"
763,Netherlands,11,479,15011,54244,12,2021,2021-12,"6,4"
764,North Macedonia,90,2375,4122,160995,12,2021,2021-12,"4,9"
765,Norway,1489,21092,566175,3164587,12,2021,2021-12,"6,1"
766,Poland,255,1305,141366,404345,12,2021,2021-12,8
767,Portugal,14564,97974,612874,4105613,12,2021,2021-12,"2,8"
768,Romania,575,18999,289381,1437823,12,2021,2021-12,"6,7"
769,Serbia,3,96,1181,7160,12,2021,2021-12,"7,9"
770,Slovakia,813,12401,32068,1282461,12,2021,2021-12,"5,1"
771,Slovenia,1817,17616,177312,1237651,12,2021,2021-12,"5,1"
772,Spain,458,6150,49082,467636,12,2021,2021-12,"6,6"
773,Sweden,230,15373,144183,1347597,12,2021,2021-12,"4,5"
774,Switzerland,4011,80244,429809,9154209,12,2021,2021-12,"1,3"
775,Turkey,7848,93262,182860,3610687,12,2021,2021-12,"36,1"
776,Austria,305,13631,576584,1859585,1,2022,2022-1,"4,5"
777,Belgium,675,28655,1025167,3157577,1,2022,2022-1,"8,5"
778,Bulgaria,2138,33121,191028,939212,1,2022,2022-1,"7,7"
779,Croatia,1168,13777,214771,935715,1,2022,2022-1,"5,5"
780,Cyprus,87,860,82713,254071,1,2022,2022-1,5
781,Czechia,898,37292,528389,3012769,1,2022,2022-1,"8,8"
782,Denmark,353,3038,851346,1631576,1,2022,2022-1,"4,9"
783,Estonia,93,1944,89520,322469,1,2022,2022-1,11
784,France,6991,144271,8671632,18949638,1,2022,2022-1,"3,3"
785,Germany,3977,119871,2733491,9958139,1,2022,2022-1,"5,1"
786,Greece,2518,23526,646943,1930398,1,2022,2022-1,"5,5"
787,Hungary,1776,40412,291122,1553481,1,2022,2022-1,"7,9"
788,Iceland,8,46,36425,67484,1,2022,2022-1,"4,3"
789,Ireland,126,5735,399605,1172096,1,2022,2022-1,5
790,Italy,9193,148511,4522546,11088526,1,2022,2022-1,"5,1"
791,Latvia,338,5225,111968,388987,1,2022,2022-1,"7,5"
792,Lithuania,304,8413,177481,744035,1,2022,2022-1,"12,3"
793,Luxembourg,38,1020,60342,169597,1,2022,2022-1,"4,6"
794,Malta,68,547,13298,67542,1,2022,2022-1,"4,1"
795,Netherlands,255,21347,1145564,4310151,1,2022,2022-1,"7,6"
796,North Macedonia,351,8383,34727,268191,1,2022,2022-1,"6,7"
797,Norway,134,1439,374183,778528,1,2022,2022-1,"3,1"
798,Poland,7578,105552,752280,4857893,1,2022,2022-1,"8,7"
799,Portugal,909,19908,1277951,2715774,1,2022,2022-1,"3,4"
800,Romania,1347,60318,412467,2226305,1,2022,2022-1,"7,2"
801,Serbia,658,13570,311851,1662446,1,2022,2022-1,"8,3"
802,Slovakia,447,18063,178279,1415930,1,2022,2022-1,"7,7"
803,Slovenia,309,6459,243405,711041,1,2022,2022-1,6
804,Spain,5342,97282,3313812,10205467,1,2022,2022-1,"6,2"
805,Sweden,845,16218,811325,2158922,1,2022,2022-1,"3,9"
806,Switzerland,254,12285,664616,2211456,1,2022,2022-1,"1,4"
807,Turkey,3343,87045,1460024,11437585,1,2022,2022-1,"48,7"
808,Austria,697,14328,829474,2689059,2,2022,2022-2,"5,5"
809,Belgium,1051,29706,395643,3553220,2,2022,2022-2,"9,5"
810,Bulgaria,2337,35458,148584,1087796,2,2022,2022-2,"8,4"
811,Croatia,1253,15030,118874,1054589,2,2022,2022-2,"6,3"
812,Cyprus,104,964,66353,320424,2,2022,2022-2,"5,8"
813,Czechia,1415,38707,562638,3575407,2,2022,2022-2,10
814,Denmark,846,3884,842709,2474285,2,2022,2022-2,"5,3"
815,Estonia,195,2139,156929,479398,2,2022,2022-2,"11,6"
816,France,7612,151883,3788320,22737958,2,2022,2022-2,"4,2"
817,Germany,5486,125357,4889422,14847561,2,2022,2022-2,"5,5"
818,Greece,2343,25869,478392,2408790,2,2022,2022-2,"6,3"
819,Hungary,2545,42957,234144,1787625,2,2022,2022-2,"8,4"
820,Iceland,16,62,54955,122439,2,2022,2022-2,"4,4"
821,Ireland,90,5825,128610,1300706,2,2022,2022-2,"5,7"
822,Italy,7978,156489,1771111,12859637,2,2022,2022-2,"6,2"
823,Latvia,459,5684,260515,649502,2,2022,2022-2,"8,8"
824,Lithuania,487,8900,468497,1212532,2,2022,2022-2,14
825,Luxembourg,74,1094,28554,198151,2,2022,2022-2,"7,8"
826,Malta,57,604,3687,71229,2,2022,2022-2,"4,2"
827,Netherlands,289,21636,2022228,6332379,2,2022,2022-2,"7,3"
828,North Macedonia,618,9001,28890,297081,2,2022,2022-2,"7,7"
829,Norway,159,1598,469100,1247628,2,2022,2022-2,"3,5"
830,Poland,6138,111690,815387,5673280,2,2022,2022-2,"8,1"
831,Portugal,1155,21063,667581,3383355,2,2022,2022-2,"4,4"
832,Romania,3489,63807,508658,2734963,2,2022,2022-2,"7,9"
833,Serbia,1629,15199,245826,1908272,2,2022,2022-2,"8,8"
834,Slovakia,678,18741,490015,1905945,2,2022,2022-2,"8,3"
835,Slovenia,676,7135,181927,892968,2,2022,2022-2,7
836,Spain,4563,101845,901540,11107007,2,2022,2022-2,"7,6"
837,Sweden,1365,17583,287875,2446797,2,2022,2022-2,"4,4"
838,Switzerland,366,12651,578415,2789871,2,2022,2022-2,"1,9"
839,Turkey,6981,94026,2536913,13974498,2,2022,2022-2,"54,4"
840,Austria,1026,15354,1081125,3770184,3,2022,2022-3,"6,6"
841,Belgium,545,30251,252353,3805573,3,2022,2022-3,"9,3"
842,Bulgaria,971,36429,45306,1133102,3,2022,2022-3,"10,5"
843,Croatia,490,15520,39463,1094052,3,2022,2022-3,"7,3"
844,Cyprus,72,1036,90349,410773,3,2022,2022-3,"6,2"
845,Czechia,863,39570,211952,3787359,3,2022,2022-3,"11,9"
846,Denmark,717,4601,261872,2736157,3,2022,2022-3,6
847,Estonia,190,2329,57847,537245,3,2022,2022-3,"14,8"
848,France,3639,155522,2283544,25021502,3,2022,2022-3,"5,1"
849,Germany,6378,131735,5701832,20549393,3,2022,2022-3,"7,6"
850,Greece,1524,27393,529484,2938274,3,2022,2022-3,8
851,Hungary,1278,44235,57036,1844661,3,2022,2022-3,"8,6"
852,Iceland,28,90,57190,179629,3,2022,2022-3,5
853,Ireland,133,5958,142964,1443670,3,2022,2022-3,"6,9"
854,Italy,4045,160534,1649746,14509383,3,2022,2022-3,"6,8"
855,Latvia,439,6123,141116,790618,3,2022,2022-3,"11,5"
856,Lithuania,213,9113,133921,1346453,3,2022,2022-3,"15,6"
857,Luxembourg,68,1162,31883,230034,3,2022,2022-3,"7,9"
858,Malta,27,631,5867,77096,3,2022,2022-3,"4,5"
859,Netherlands,373,22009,1421003,7753382,3,2022,2022-3,"11,7"
860,North Macedonia,207,9208,8033,305114,3,2022,2022-3,9
861,Norway,741,2339,151694,1399322,3,2022,2022-3,"4,7"
862,Poland,3512,115202,278543,5951823,3,2022,2022-3,"10,2"
863,Portugal,577,21640,328142,3711497,3,2022,2022-3,"5,5"
864,Romania,1249,65056,107854,2842817,3,2022,2022-3,"9,6"
865,Serbia,569,15768,62555,1970827,3,2022,2022-3,"9,2"
866,Slovakia,539,19280,272644,2178589,3,2022,2022-3,"9,6"
867,Slovenia,293,7428,65530,958498,3,2022,2022-3,6
868,Spain,1607,103452,455724,11562731,3,2022,2022-3,"9,8"
869,Sweden,828,18411,38200,2484997,3,2022,2022-3,"6,3"
870,Switzerland,349,13000,664001,3453872,3,2022,2022-3,"2,2"
871,Turkey,3774,97800,826179,14800677,3,2022,2022-3,"61,1"
872,Austria,698,16052,360765,4130949,4,2022,2022-4,"7,1"
873,Belgium,619,30870,227193,4032766,4,2022,2022-4,"9,3"
874,Bulgaria,420,36849,19790,1152892,4,2022,2022-4,"12,1"
875,Croatia,262,15782,23676,1117728,4,2022,2022-4,"9,6"
876,Cyprus,92,1128,58690,469463,4,2022,2022-4,"8,6"
877,Czechia,490,40060,105463,3892822,4,2022,2022-4,"13,2"
878,Denmark,499,5100,60064,2796221,4,2022,2022-4,"7,4"
879,Estonia,86,2415,18113,555358,4,2022,2022-4,"19,1"
880,France,3510,159032,3318505,28340007,4,2022,2022-4,"5,4"
881,Germany,5215,136950,3781759,24331152,4,2022,2022-4,"7,8"
882,Greece,1607,29000,348925,3287199,4,2022,2022-4,"9,1"
883,Hungary,730,44965,49698,1894359,4,2022,2022-4,"9,6"
884,Iceland,23,113,6387,186016,4,2022,2022-4,"5,6"
885,Ireland,213,6171,70063,1513733,4,2022,2022-4,"7,3"
886,Italy,4004,164538,1791962,16301345,4,2022,2022-4,"6,3"
887,Latvia,236,6359,26695,817313,4,2022,2022-4,"13,1"
888,Lithuania,61,9174,45950,1392403,4,2022,2022-4,"16,6"
889,Luxembourg,71,1233,27376,257410,4,2022,2022-4,9
890,Malta,57,688,13496,90592,4,2022,2022-4,"5,4"
891,Netherlands,232,22241,285542,8038924,4,2022,2022-4,"11,2"
892,North Macedonia,68,9276,4094,309208,4,2022,2022-4,"10,6"
893,Norway,532,2871,48947,1448269,4,2022,2022-4,"5,9"
894,Poland,1120,116322,47803,5999626,4,2022,2022-4,"11,4"
895,Portugal,572,22212,266375,3977872,4,2022,2022-4,"7,4"
896,Romania,421,65477,45513,2888330,4,2022,2022-4,"11,7"
897,Serbia,188,15956,30827,2001654,4,2022,2022-4,"9,5"
898,Slovakia,146,19426,94771,2273360,4,2022,2022-4,"10,9"
899,Slovenia,223,7651,46456,1004954,4,2022,2022-4,"7,4"
900,Spain,1289,104741,309928,11872659,4,2022,2022-4,"8,3"
901,Sweden,381,18792,14643,2499640,4,2022,2022-4,"6,6"
902,Switzerland,170,13170,148617,3602489,4,2022,2022-4,"2,3"
903,Turkey,876,98676,215593,15016270,4,2022,2022-4,70
904,Austria,160,16212,142749,4273698,5,2022,2022-5,"8,1"
905,Belgium,351,31221,113394,4146160,5,2022,2022-5,"9,9"
906,Cyprus,45,1173,11742,481205,5,2022,2022-5,"8,8"
907,Estonia,33,2448,6475,561833,5,2022,2022-5,"20,1"
908,France,3116,162148,1207570,29547577,5,2022,2022-5,"5,8"
909,Germany,2373,139323,1954424,26285576,5,2022,2022-5,"8,7"
910,Greece,840,29840,160736,3447935,5,2022,2022-5,"10,7"
911,Ireland,94,6265,24154,1537887,5,2022,2022-5,"8,2"
912,Italy,3514,168052,1232341,17533686,5,2022,2022-5,"7,3"
913,Latvia,81,6440,8621,825934,5,2022,2022-5,"16,4"
914,Lithuania,16,9190,7964,1400367,5,2022,2022-5,"18,5"
915,Luxembourg,43,1276,14963,272373,5,2022,2022-5,"9,1"
916,Malta,33,721,3984,94576,5,2022,2022-5,"5,6"
917,Netherlands,83,22324,44685,8083609,5,2022,2022-5,"10,2"
918,Portugal,903,23115,701951,4679823,5,2022,2022-5,"8,1"
919,Slovakia,42,19468,17670,2291030,5,2022,2022-5,"11,8"
920,Slovenia,140,7791,19707,1024661,5,2022,2022-5,"8,7"
921,Spain,2011,106752,530358,12403017,5,2022,2022-5,"8,5"
